516227103,7,big disappointment,1,1,1,,7,,big,disappointment,,p8b;,rcgroups.com;,184109777;,no,1,3,5
54225214,ford model a,choice,1,1,1,ford model,a,,,choice,,p8b;,athomemechanic.com;,411598690;,yes,5,0,4
502492695,0029 b,branched-chain c1-6alkyl,1,1,1,0029,b,,branched-chain,c1-6alkyl,,p8a;,faqs.org;,87210809;,uncertain,1,5,3
124467686,0019]x2,methylene b,1,1,1,,0019]x2,,methylene,b,,p8a;,faqs.org;,58079142;,uncertain,1,5,3
344425380,colour accuracy,slight problem,2,1,2,colour,accuracy,,slight,problem,,p8b;,goodgearguide.com.au;idg.com.au;,19576496;19421634;,uncertain,2,3,4
270852864,advance in the southeastern,stocker cattle,1,1,1,,advance,in the southeastern,stocker,cattle,,p23b;,livestockweekly.com;,27861768;,no,0,3,6
369033327,railey added,great start for me,1,1,1,railey,added,,great,start,for me,p8b;,thedailysail.com;,237477977;,no,0,3,6
484633465,addition of radioisotope i125,nucleic acid damage,1,1,1,,addition,of radioisotope i125,nucleic acid,damage,,p3a;,google.com;,37650832;,uncertain,1,6,2
516170918,super corrupt administration,"huge failure,period",1,1,1,super corrupt,administration,,huge,"failure,period",,p8c;,cnn.com;,12417510;,yes,7,0,2
387574181,agnium,planet orbit the sun,1,1,1,,agnium,,,planet,orbit the sun,p8a;,wikipedia.org;,449234441;,no,1,3,5
445892433,civilian agency,service,1,1,1,civilian,agency,,,service,,p1;,army.mil;,281463260;,uncertain,4,2,3
11481611,aids,specific disease process,1,1,1,,aids,,specific disease,process,,p5;,ijstd.org;,393825647;,yes,5,3,1
125471954,nsf president shah alam,may,1,1,1,nsf president shah,alam,,,may,,p3a;,refworld.org;,427077043;,no,0,4,5
395418232,amount of mechanical handling,number of factor,2,1,2,,amount,of mechanical handling,,number,of factor,p3a;,google.com;google.es;,302270364;303686477;,no,3,1,5
47551857,another,game-time decision,2,1,2,,another,,game-time,decision,,p8a;,bulls101.com;sportsmedia101.com;,348670317;349454224;,no,2,2,5
134062544,combustion anthology for manhattan,member of the dramatistsguild,1,1,1,combustion,anthology,for manhattan,,member,of the dramatistsguild,p8a;,broadwayworld.com;,333482202;,no,1,3,5
241569338,and,appropriate intervention,1,1,1,,and,,appropriate,intervention,,p8a;,louisvilleschoolofmassage.com;,390096346;,no,2,1,6
395403486,fastin rc anchor,self-tapping anchor,1,1,1,fastin rc,anchor,,self-tapping,anchor,,p8a;,hindawi.com;,175204148;,uncertain,0,6,3
139491895,peripheral application,profile for other application,1,1,1,peripheral,application,,,profile,for other application,p16;,google.com;,88925125;,uncertain,4,3,2
82853786,argument,vampire rights association,1,1,1,,argument,,vampire rights,association,,p34;,factsandotherfairytales.com;,304821475;,no,0,3,6
90289469,area of research,study show link,1,1,1,,area,of research,,study,show link,p1;,pubmedcentralcanada.ca;,452465209;,no,2,0,7
238101647,arm 50,insertion instrument,1,1,1,,arm,50,insertion,instrument,,p5;,google.com;,253268908;,no,0,4,5
463568613,part-time arrangement,flexible work schedule,1,1,1,part-time,arrangement,,flexible work,schedule,,p3a;,uspto.gov;,169556040;,yes,7,1,1
29299535,assassination,honorable profession,1,1,1,,assassination,,honorable,profession,,p8a;,loyalbooks.com;,190705114;,no,1,0,8
83120490,deep space asteroid,destination,1,1,1,deep space,asteroid,,,destination,,p5;,wordpress.com;,146913885;,no,3,0,6
354736409,toolmaking association of south,major industry body,1,1,1,toolmaking,association,of south,major industry,body,,p3a;,africabusiness.com;,411438734;,no,3,0,6
28179192,attribute,object subtype,2,1,2,,attribute,,object,subtype,,p8a;,metacpan.org;cpan.org;,446043662;445966187;,no,2,1,6
1445441,authority of monuc,important personality,1,1,1,,authority,of monuc,important,personality,,p3a;,unesco.org;,411343552;,no,0,2,7
16144109,australia,model for a region,2,1,1,,australia,,,model,for a region,p5;,bravenewclimate.com;,235608956;243179689;,yes,5,1,3
1613341,awareness,overall improvement,1,1,1,,awareness,,overall,improvement,,p8d;,bmpcoe.org;,223811584;,no,2,1,6
12975751,bacterium,damage-causing agent,1,1,1,,bacterium,,damage-causing,agent,,p5;,caringforyourbody.org;,181090931;,yes,7,0,2
71161756,only sure deer barrier,brick wall 8-10 ft,1,1,1,only sure deer,barrier,,brick,wall,8-10 ft,p8a;,ncwildlife.org;,310586705;,no,4,0,5
94575788,bass,brilliant stuff on here,1,1,1,,bass,,brilliant,stuff,on here,p2;,sputnikmusic.com;,267269793;,no,0,1,8
95228370,chr bank,value of rom info,1,1,1,chr,bank,,,value,of rom info,p5;,jabosoft.com;,282922330;,no,0,1,8
207078178,pull pork bagel,combination,1,1,1,pull pork,bagel,,,combination,,p1;,confessionsofaglutton.com;,212675765;,no,3,0,6
246420591,de costa bay,sheltered dive site,1,1,1,de costa,bay,,sheltered dive,site,,p8a;,proscubadiver.net;,197407395;,no,3,1,5
371619168,basis of caprolactam,amine as chain regulator,2,1,2,,basis,of caprolactam,,amine,as chain regulator,p8a;,google.com;patentgenius.com;,430021816;121333806;,no,0,3,6
447336728,barber,tourism,2,1,1,,barber,,,tourism,,p5;,issuu.com;,294765933;382306859;,no,0,1,8
179060419,sugar beet,fermented plan,1,1,1,sugar,beet,,fermented,plan,,p4;,foodrecap.net;,257490369;,no,2,2,5
467032669,united kingdom bed,victorian town house,1,1,1,united kingdom,bed,,victorian town,house,,p8a;,realadventures.com;,321354889;,no,0,1,8
478528313,bellieve,animal,1,1,1,,bellieve,,,animal,,p4;,friendsofanimals.org;,391854878;,no,0,0,9
493473282,beside,bird,1,1,1,,beside,,,bird,,p8b;,ficwad.com;,136149330;,no,0,0,9
508437025,point because,unfalsifiability of darwinism,1,1,1,point,because,,,unfalsifiability,of darwinism,p12a;,antievolution.org;,389901367;,no,0,1,8
8599601,mile millers river blue,excellent stretch of river,1,1,1,mile millers river,blue,,excellent,stretch,of river,p8a;,supthemag.com;,443503332;,uncertain,3,5,1
453822385,magnificent blog,pressure the message house,1,1,1,magnificent,blog,,,pressure,the message house,p26;,tickledred.com;,284528469;,no,0,0,9
85809753,book,massive range of product,11,1,11,,book,,massive,range,of product,p3a;,midlandscashback.com;giveortake.com;cashbacktoyou.co.uk;mailcashback.com;cashbackshopper.co.uk;scotlandcashback.com;telegraphcashback.com;mercurycashback.com;mirrorcashback.com;chroniclecashback.co.uk;echocashback.com;,96457815;96464989;217966263;96506110;186320932;96486782;96456313;96529226;96525189;96468024;96491645;,no,3,0,6
95659273,book of photograph,personal diary,1,1,1,,book,of photograph,personal,diary,,p8a;,artbook.com;,176422123;,no,1,1,7
163497260,editorial board for metabolomics,adjunct faculty member,1,1,1,editorial,board,for metabolomics,adjunct faculty,member,,p8a;,rti.org;,376813141;,no,0,3,6
172239577,bomb,cause most,1,1,1,,bomb,,cause,most,,p4;,theengineer.co.uk;,84308907;,no,0,0,9
189624215,recipesthis book,discussion,1,1,1,recipesthis,book,,,discussion,,p8a;,slideshare.net;,73439129;,no,0,0,9
195088678,forbes board,sign,1,1,1,forbes,board,,,sign,,p20a;,techmeme.com;,283023520;,no,0,1,8
268105863,boulder,special weapon,1,1,1,,boulder,,special,weapon,,p5;,ilounge.com;,241254698;,no,0,0,9
309735769,multilateral body,number of governmental,1,1,1,multilateral,body,,,number,of governmental,p8c;,nzdl.org;,450429223;,no,1,0,8
364602922,booth at trade show,thing,1,1,1,,booth,at trade show,,thing,,p1;,northcoastnow.com;,260324696;,yes,7,0,2
454726712,body,slender delicacy,1,1,1,,body,,slender,delicacy,,p8a;,hegre-art.com;,321885271;,no,0,0,9
493489301,fanelli boysno,one-camera show,1,1,1,fanelli,boysno,,one-camera,show,,p8a;,vulture.com;,73346452;,uncertain,0,7,2
80002283,bracket for the hose,metal work,1,1,1,,bracket,for the hose,metal,work,,p3a;,herald-journal.com;,429240226;,yes,5,2,2
136321029,lan broadcast,various event notification method,3,1,1,lan,broadcast,,various event notification,method,,p3a;,infortrend.com;,124056742;352618710;74687740;,no,1,3,5
185084419,world-affirming buddhist ethical teaching,sri lankan theravadan tradition,1,1,1,world-affirming,buddhist,ethical teaching,sri lankan theravadan,tradition,,p23b;,buddhanetz.org;,214710706;,uncertain,4,3,2
340268455,buddy,delta authority,1,1,1,,buddy,,delta,authority,,p3a;,gjsentinel.com;,442298020;,no,1,0,8
94207796,byre in step s320,default value of 8,1,1,1,,byre,in step s320,default,value,of 8,p5;,google.fr;,99794110;,uncertain,0,5,4
119735190,pm bypass,waste of taxpayer money,1,1,1,pm,bypass,,,waste,of taxpayer money,p8a;,irisheconomy.ie;,369075663;,uncertain,4,4,1
299278656,bytes)cherokee,web server chive_1 7,1,1,1,,bytes)cherokee,,web server,chive_1,7,p8a;,fossies.org;,16592341;,uncertain,0,5,4
28678419,candidate,difficult process,1,1,1,,candidate,,difficult,process,,p8b;,blogspot.com;,416018828;,no,1,0,8
59374069,user-defined category,user-defined product category,1,1,1,user-defined,category,,user-defined product,category,,p8a;,google.com.au;,307053422;,yes,5,1,3
126919906,call,many delicious dip,1,1,1,,call,,many delicious,dip,,p3a;,nuts.com;,295687391;,no,0,1,8
137318284,favorite cathedral,couple of wenches,1,1,1,favorite,cathedral,,,couple,of wenches,p23d;,typepad.com;,182809288;,no,0,2,7
239830292,cameo,fun favor ah,1,1,1,,cameo,,fun favor,ah,,p8b;,comicbookmovie.com;,5334477;,no,0,1,8
267971643,joint capsule,peripheral tissue,1,1,1,joint,capsule,,peripheral,tissue,,p3a;,dvm360.com;,162814932;,uncertain,3,2,4
292802706,cause of the development,question of greatest importance,1,1,1,,cause,of the development,,question,of greatest importance,p8a;,blogspot.com;,11696219;,uncertain,3,2,4
300635368,case,equitable action,1,1,1,,case,,equitable,action,,p8a;,state.sc.us;,283989779;,no,1,1,7
390086334,famous artist george catlin,national outcry,1,1,1,famous artist george,catlin,,national,outcry,,p3a;,dailykos.com;,22699006;,no,2,0,7
396255041,carter,professional bowler,1,1,1,,carter,,professional,bowler,,p1;,stlouissportshalloffame.com;,161688393;,uncertain,3,3,3
469835874,rental car,police report filed,1,1,1,rental,car,,police report,filed,,p8b;,wikilaw3k.org;,399750504;,no,1,1,7
151393667,many celebrity,test of time,1,1,1,many,celebrity,,,test,of time,p21b;,forexpulse.com;,123227638;,no,0,2,7
397441096,community center,target in the uk,1,1,1,community,center,,,target,in the uk,p5;,muslimnews.co.uk;,383572476;,uncertain,4,1,4
501533451,milton celebration,subtle and,1,1,1,milton,celebration,,subtle,and,,p8a;,enotes.com;,108704529;,no,0,1,8
132127029,cheez-its,sweet recipe,1,1,1,,cheez-its,,sweet,recipe,,p5;,donnahup.com;,450125828;,no,1,1,7
136498448,challenge of group therapy,many factor,2,1,1,,challenge,of group therapy,many,factor,,p5;,correctionalnews.com;,303789776;98500323;,no,0,1,8
265511877,meerkatz challengeiphone 2014,puzzle platformer,1,1,1,meerkatz,challengeiphone,2014,puzzle,platformer,,p8a;,mobygames.com;,373144945;,uncertain,3,2,4
350592104,sodium chloride,usual one include salt,1,1,1,sodium,chloride,,usual,one,include salt,p5;,google.com;,215044340;,yes,5,2,2
376011379,lil chica,kinky little girl,1,1,1,lil,chica,,,kinky,little girl,p8a;,keezmovies.com;,260397128;,no,3,1,5
446762548,minimum meter charge,seasonal metered service,1,1,1,minimum meter,charge,,seasonal metered,service,,p3a;,jamestownri.com;,323660406;,uncertain,1,4,4
37761380,citabra,stock,1,1,1,,citabra,,,stock,,p25;,rcgroups.com;,6524798;,uncertain,0,5,4
341270445,cilantro,yummies,1,1,1,,cilantro,,,yummies,,p7;,blogspot.com;,45701752;,no,2,2,5
515572930,city drive with spurt,l/100 km,1,1,1,,city,drive with spurt,l/100,km,,p23b;,autos.ca;,358813986;,no,0,2,7
272448702,climate,hardieplank lap siding,1,1,1,,climate,,hardieplank lap,siding,,p34;,alliedsidingandwindows.com;,204859385;,no,0,1,8
318919446,classic like mild,selection of wing sauce,1,1,1,,classic,like mild,,selection,of wing sauce,p3a;,myothercitybythebay.com;,41037233;,no,2,2,5
1215871,large water container,acceptable alternative,1,1,1,large water,container,,acceptable,alternative,,p8c;,beautyofbirds.com;,179994538;,no,1,3,5
50304711,concept of shopping,special occasion,1,1,1,,concept,of shopping,special,occasion,,p5;,crystalgraphics.com;,266846829;,no,1,2,6
58596369,thomas bryan courtier,english courtier,1,1,1,thomas bryan,courtier,,english,courtier,,p8b;,geni.com;,418664208;,uncertain,2,5,2
64765673,retail company,top-down solution impractical,1,1,1,retail,company,,top-down solution,impractical,,p2;,destinationcrm.com;,328602097;,no,0,1,8
72627323,whole country around ellis,wash of slush,1,1,1,whole,country,around ellis,,wash,of slush,p8a;,friendslittlebighorn.com;,219676959;,no,0,0,9
136567131,commodity,competitive market,1,1,1,,commodity,,competitive,market,,p2;,nonwovens-industry.com;,1122321;,no,3,1,5
143006308,connecticut,campus,2,1,2,,connecticut,,,campus,,p3a;,petersons.com;wikipedia.org;,444712314;107094433;,no,0,0,9
150688182,courtyard,interesting shop,1,1,1,,courtyard,,interesting,shop,,p21d;,cityofsound.com;,418448199;,no,0,1,8
174470972,cock,fair size,2,1,2,,cock,,fair,size,,p8b;,sexstories.com;fantasies.com;,103271258;339183822;,no,2,1,6
267496835,gcc country,dollar,1,1,1,gcc,country,,,dollar,,p5;,slideshare.net;,127198614;,no,0,1,8
271642765,calorie content,course of a day,1,1,1,calorie,content,,,course,of a day,p24;,google.com;,38338356;,no,0,1,8
324916968,high pitch count,a.j,1,1,1,high pitch,count,,,a.j,,p25;,janeheller.com;,111902047;,no,0,0,9
353773543,fatal condition,treatment,2,1,2,fatal,condition,,,treatment,,p28d;,dailykos.com;rhrealitycheck.org;,342649361;342692830;,no,0,1,8
355032683,competition,unqualified social good,1,1,1,,competition,,unqualified social,good,,p8a;,blogs.com;,32827333;,no,1,1,7
444574769,polk county,state militia,1,1,1,polk,county,,state,militia,,p23b;,thelibrary.org;,158130316;,no,0,1,8
444683990,corais,bed&amp,1,1,1,,corais,,,bed&amp,,p8a;,travellerspoint.com;,52608049;,no,0,2,7
491094160,course,hope in democratic party,1,1,1,,course,,,hope,in democratic party,p8a;,horsesass.org;,378423726;,no,0,1,8
506165048,consultant work for ernst,prestigious consulting firm,1,1,1,,consultant,work for ernst,prestigious consulting,firm,,p1;,blogspot.com;,151479209;,uncertain,3,4,2
30817385,cp,variety of cp,3,1,3,,cp,,,variety,of cp,p26;,google.co.uk;google.com;google.ca;,213672664;213653025;213683877;,uncertain,4,1,4
235517748,cpa,manager with cliftonlarsonallen llp,1,1,1,,cpa,,,manager,with cliftonlarsonallen llp,p8a;,idahobusinessreview.com;,20325769;,no,1,3,5
20195798,techno crazed,bestseller on all romance,1,1,1,techno,crazed,,,bestseller,on all romance,p8a;,sarahmakela.com;,333118280;,no,0,4,5
34279179,culture,sense of cultural identity,1,1,1,,culture,,,sense,of cultural identity,p3a;,pbs.org;,380732664;,yes,5,1,3
273170832,cupcake,miette,1,1,1,,cupcake,,,miette,,p34;,blogspot.com;,89723854;,no,0,3,6
237816240,harley-davidson street glide cvo,new motorcycle from harley-davidson,1,1,1,harley-davidson street glide,cvo,,new,motorcycle,from harley-davidson,p8a;,motorcycle.com;,252150445;,yes,6,1,2
46720929,cyanide,selective analysis of ion,1,1,1,,cyanide,,selective,analysis,of ion,p27a;,google.es;,75970157;,no,0,3,6
389050924,marshall danmiy,best-turned-out-man in america,1,1,1,marshall,danmiy,,,best-turned-out-man,in america,p12a;,ufl.edu;,87715240;,no,1,3,5
466309901,da',dynabrade palm sander model,1,1,1,,da',,dynabrade palm sander,model,,p8a;,hotrodders.com;,246456745;,no,0,3,6
43867468,game developer,various background,1,1,1,game,developer,,various,background,,p5;,dailysocial.net;,294923857;,no,1,0,8
69236352,fourth degree,many other local organization,2,1,2,fourth,degree,,many other local,organization,,p3a;,legacy.com;pressherald.com;,315678680;315317720;,no,0,0,9
93324141,deal for fire mountain,top brand,1,1,1,,deal,for fire mountain,top,brand,,p1;,knoji.com;,64436186;,no,0,2,7
104163259,home design,addition,1,1,1,home,design,,,addition,,p8b;,freerepublic.com;,196523287;,no,1,2,6
138297365,joy despondency,symptom,1,1,1,joy,despondency,,,symptom,,p8a;,avesta.org;,9250116;,yes,5,2,2
142973806,development of hcc,professional growth,2,1,1,,development,of hcc,professional,growth,,p3a;,villagesoup.com;,28380014;142660502;,no,1,2,6
144460193,destruction,laotian people,1,1,1,,destruction,,laotian,people,,p1;,radicalparty.org;,231776533;,no,0,0,9
331340546,rsa des,established standard,1,1,1,rsa,des,,established,standard,,p8a;,google.com;,116022119;,no,1,2,6
345889853,defender of the,however,1,1,1,,defender,of the,,however,,p8a;,baptistnews.com;,76123933;,no,0,0,9
431442827,current density,density between about 0.1,3,1,1,current,density,,,density,between about 0.1,p8a;,google.co.uk;,302935871;272381170;117119003;,no,2,2,5
499955920,sacred despot,serviceable band,1,1,1,sacred,despot,,serviceable,band,,p8a;,docstoc.com;,312563552;,no,0,2,7
390563,derive dimension,explanation with diagram,1,1,1,derive,dimension,,,explanation,with diagram,p3a;,lacoe.edu;,422017634;,no,1,3,5
244376510,display content controller 6,display controller,5,1,3,,display,content controller 6,display,controller,,p5;,google.com;google.es;google.ca;,386308170;386125988;385980802;385879897;386240653;,uncertain,4,2,3
255433140,swimming pool dimensions,good chance,1,1,1,swimming pool,dimensions,,good,chance,,p8a;,isport.com;,365163363;,no,0,0,9
318508265,skin diseasesany disease,deviation,1,1,1,skin diseasesany,disease,,,deviation,,p8a;,icd9data.com;,106186321;,no,2,0,7
513653978,known distribution,consequence of diffusion,1,1,1,known,distribution,,,consequence,of diffusion,p8a;,questia.com;,59823431;,uncertain,2,3,4
79804658,800pmdjs wiilwaal salah donyale,news,1,1,1,800pmdjs wiilwaal salah,donyale,,,news,,p8a;,kfai.org;,372229415;,no,0,1,8
127062450,ken dodd,day,1,1,1,ken,dodd,,,day,,p5;,cinematreasures.org;,452748764;,no,0,0,9
196029839,dress,post with do's,1,1,1,,dress,,,post,with do's,p43;,modestjune.com;,4305847;,no,0,0,9
308939360,obesity drug,vivus qsymia,1,1,1,obesity,drug,,vivus,qsymia,,p23c;,fool.com;,174092799;,no,1,0,8
461499976,drop of brilliance,common response,1,1,1,,drop,of brilliance,common,response,,p8b;,marshallandme.com;,306998611;,no,0,1,8
493068154,dragon,good move,1,1,1,,dragon,,good,move,,p8b;,mangahelpers.com;,410735967;,no,0,1,8
87978997,eaca,hemostatic agent,1,1,1,,eaca,,hemostatic,agent,,p2;,google.com;,158173464;,no,1,3,5
310750986,earl,prince of the royal,1,1,1,,earl,,,prince,of the royal,p8b;,angelfire.com;,405346901;,no,3,1,5
401988194,earthquake,day since a couple,1,1,1,,earthquake,,,day,since a couple,p12a;,earthquake-report.com;,15070809;,no,0,0,9
493445912,effect,power food gregarious nate,1,1,1,,effect,,power food gregarious,nate,,p8a;,kitchenparade.com;,258608066;,no,0,1,8
414562612,environment,tad dusty,1,1,1,,environment,,tad,dusty,,p8b;,londonreconnections.com;,188783126;,no,1,3,5
140679423,reliance tj et,attitude,1,1,1,reliance tj,et,,,attitude,,p24;,history.ac.uk;,454914816;,no,0,1,8
17471831,fact europe,long-term investment,1,1,1,fact,europe,,long-term,investment,,p8a;,seekingalpha.com;,432792277;,no,0,1,8
140519485,eu,workshop with south africas,1,1,1,,eu,,,workshop,with south africas,p3a;,sportingpost.co.za;,210795431;,no,0,0,9
413288236,everytime a bomb,location,1,1,1,,everytime,a bomb,,location,,p8a;,programmersheaven.com;,10240430;,no,0,0,9
14220439,execution the empire,criminal human being,1,1,1,,execution,the empire,criminal human,being,,p23d;,religion-online.org;,203211093;,no,0,1,8
19194895,extent,smart-mode,1,1,1,,extent,,,smart-mode,,p36;,phoronix.com;,95899172;,no,0,1,8
137559495,executive the right,filter,1,1,1,,executive,the right,,filter,,p5;,thetechherald.com;,138316200;,no,0,1,8
128278874,fact a wedding,conformist act,1,1,1,,fact,a wedding,conformist,act,,p8a;,noisyastronomer.com;,165408630;,no,0,2,7
172501359,fact,big year for me,1,1,1,,fact,,big,year,for me,p8a;,mlblogs.com;,395033108;,no,0,0,9
247606769,fau,important week because ground,1,1,1,,fau,,important,week,because ground,p8b;,rivals.com;,146884477;,no,0,0,9
380991926,parking facility,accessible area,1,1,1,parking,facility,,accessible,area,,p5;,globalspec.com;,363494755;,yes,6,0,3
363977372,idaho shakespeare festival,boise,1,1,1,idaho shakespeare,festival,,,boise,,p3a;,boisecentre.com;,333267037;,no,0,2,7
5863624,organic film,printing process,1,1,1,organic,film,,printing,process,,p5;,google.com;,66132962;,no,1,3,5
232328027,purpose fig 4,validation process,1,1,1,purpose,fig,4,validation,process,,p43;,researchgate.net;,421383480;,no,0,4,5
328628703,fig 4,event timeline,1,1,1,,fig,4,event,timeline,,p8a;,google.fr;,418824963;,no,1,3,5
329768117,fig 4,printout of the result,1,1,1,,fig,4,,printout,of the result,p8a;,google.es;,323632960;,no,2,2,5
442161917,filter,utensil,1,1,1,,filter,,,utensil,,p1;,jewishgen.org;,143028790;,no,2,2,5
461058370,si file,software,1,1,1,si,file,,,software,,p5;,intomobile.com;,152056484;,uncertain,0,5,4
73112750,sophomore caroline fleming,team top scorer,1,1,1,sophomore caroline,fleming,,,team,top scorer,p12a;,miprepzone.com;,392528357;,yes,7,0,2
293912861,cork floor,material for the renovation,1,1,1,cork,floor,,,material,for the renovation,p3a;,thegreenbuilding.net;,395097988;,yes,5,2,2
249028587,djemma el fna,back,1,1,1,djemma el,fna,,,back,,p23d;,worldnomads.com;,28041775;,no,0,4,5
128340018,fast food,hard job,1,1,1,fast,food,,hard,job,,p8a;,cnn.com;,176151838;,yes,7,0,2
180242083,toms footwear,collection of jogging shoe,1,1,1,toms,footwear,,,collection,of jogging shoe,p8a;,mhfwiki.net;,83998112;,yes,6,1,2
206266009,strike force,character interaction,1,1,1,strike,force,,character,interaction,,p8d;,tikiroom.com;,190121330;,uncertain,0,5,4
259366994,force,worldwhere the government cannot,1,1,1,,force,,,worldwhere,the government cannot,p25;,nybooks.com;,40748048;,no,0,0,9
301156992,food in the dining,other cruise,1,1,1,,food,in the dining,other,cruise,,p8a;,cruisecritic.com;,436618407;,no,0,0,9
448460478,wrong format,costume,1,1,1,wrong,format,,,costume,,p12c;,blogspot.com;,433063454;,no,0,0,9
151188949,framework of the international,rcsl,1,1,1,,framework,of the international,,rcsl,,p23e;,isa-sociology.org;,297776911;,no,0,3,6
290306600,fret,dipole-dipole energy transfer mechanism,2,1,1,,fret,,dipole-dipole energy transfer,mechanism,,p8a;,freshpatents.com;,79001972;64479849;,uncertain,0,6,3
293517612,cabernet franc,december,1,1,1,cabernet,franc,,,december,,p21c;,blogspot.com;,225347779;,no,0,1,8
412074703,covalent organic framework,particle,2,1,1,covalent organic,framework,,,particle,,p8a;,faqs.org;,261560509;261570633;,no,0,3,6
251838969,ftp,information bank,1,1,1,,ftp,,information,bank,,p5;,wordpress.com;,306212704;,uncertain,1,4,4
41706002,fund,several consideration,1,1,1,,fund,,several,consideration,,p3a;,federalregister.gov;,412598633;,no,0,0,9
456025589,fuel in diesel,gasoline,1,1,1,,fuel,in diesel,,gasoline,,p8a;,autoblog.com;,186136415;,uncertain,4,2,3
113921403,gallon of water,proper decal application ratio,1,1,1,,gallon,of water,proper decal application,ratio,,p8a;,latemodelrestoration.com;,256989687;,no,1,0,8
184688610,gallager,great president of marketing,1,1,1,,gallager,,great,president,of marketing,p8b;,deadline.com;,18374402;,uncertain,2,5,2
309000481,game,mmorpg from the newcomer,1,1,1,,game,,,mmorpg,from the newcomer,p8a;,teragameguide.net;,253802624;,no,1,2,6
233867433,gbc,red cross shelter,1,1,1,,gbc,,red cross,shelter,,p8b;,blogspot.com;,448351675;,uncertain,1,4,4
8377928,oc gear,bio feature,3,1,3,oc,gear,,bio,feature,,p5;,cdrinfo.com;techpowerup.com;overclock3d.net;,146142810;146144633;146122149;,no,1,3,5
201775436,genet,teen-age ethiopian girl,1,1,1,,genet,,teen-age ethiopian,girl,,p8a;,iocc.org;,419509125;,uncertain,1,5,3
285572852,full gear,accessory,1,1,1,full,gear,,,accessory,,p1;,guildwars2guru.com;,156101795;,no,4,0,5
489362977,genius of stand,art form,1,1,1,,genius,of stand,art,form,,p12a;,allclassical.org;,57188507;,no,1,1,7
99559518,fact gibson,agentand consider the fact,1,1,1,fact,gibson,,,agentand,consider the fact,p8a;,verysmartbrothas.com;,103926848;,no,1,1,7
203770605,thanks glade,simple code,1,1,1,thanks,glade,,simple,code,,p8a;,programmersheaven.com;,184746070;,uncertain,0,5,4
187094011,go,cnn,1,1,1,,go,,,cnn,,p24;,cnn.com;,445041494;,no,0,0,9
217844103,chinese government,progressive-thinking,1,1,1,chinese,government,,,progressive-thinking,,p8a;,slashdot.org;,340956384;,no,2,0,7
294239128,commercial goods,division,1,1,1,commercial,goods,,,division,,p3a;,typepad.com;,318989280;,no,3,1,5
226628987,grape,other woody species,1,1,1,,grape,,other woody,species,,p5;,usda.gov;,205250485;,no,3,1,5
291399484,grant,violence against woman,1,1,1,,grant,,,violence,against woman,p8a;,wikipedia.org;,418248462;,no,0,0,9
324669850,ac group,assess control group mac,1,1,1,ac,group,,assess control group,mac,,p37;,pubmedcentralcanada.ca;,421631042;,uncertain,0,5,4
381847061,criminal justice graduate,star for the gamecocks,1,1,1,criminal justice,graduate,,,star,for the gamecocks,p8b;,upi.com;,400212172;,no,0,3,6
396261020,help higher ground,area church,1,1,1,help higher,ground,,area,church,,p1;,cbn.com;,213986384;,no,1,2,6
252397719,older guy,year old playing,1,1,1,older,guy,,,year,old playing,p23b;,blogspot.com;,164607696;,no,1,1,7
404014957,suspect gunman,u.s military activity,1,1,1,suspect,gunman,,,u.s,military activity,p8a;,cnn.com;,309104870;,no,2,1,6
241382009,hay,rare extravagance,1,1,1,,hay,,rare,extravagance,,p8b;,electricscotland.com;,46285219;,no,0,0,9
346665875,office hardware,graphic,1,1,1,office,hardware,,,graphic,,p3a;,vaasla.org;,309668198;,no,0,1,8
379173829,voice anne hathaway,home two,3,1,3,voice anne,hathaway,,,home,two,p3a;,zap2it.com;thefutoncritic.com;tvseriesfinale.com;,15107423;14799081;102056085;,no,0,0,9
396238237,meg harper,dancer,1,1,1,meg,harper,,,dancer,,p1;,dancemagazine.com;,113914517;,uncertain,3,5,1
97510057,dolphin browser hd,good alternative,1,1,1,dolphin browser,hd,,good,alternative,,p8a;,androidpit.com;,412960792;,uncertain,2,3,4
85553000,bulbous head,thick veined shaft,1,1,1,bulbous,head,,thick veined,shaft,,p8b;,literotica.com;,216844159;,no,1,2,6
165953472,head as one,cain,1,1,1,,head,as one,,cain,,p21b;,i-am-bored.com;,238134907;,no,0,0,9
202090893,heart of chicago's north,train stop,1,1,1,,heart,of chicago's north,train,stop,,p20a;,meetup.com;,371032649;,uncertain,1,6,2
405826624,heaven,administration man,1,1,1,,heaven,,administration,man,,p11;,uky.edu;,119329837;,no,0,0,9
460576402,here,im thinking of guy,1,1,1,,here,,im,thinking,of guy,p24;,raysprospects.com;,92594733;,no,0,0,9
47216484,hitler' notorious mein kampf,other famous politician struggle,1,1,1,,hitler',notorious mein kampf,other famous politician,struggle,,p5;,americanthinker.com;,43915486;,no,1,3,5
259489173,histocompatibility antigen-driven t-cell response,wt1 gene transcript,1,1,1,,histocompatibility,antigen-driven t-cell response,wt1 gene,transcript,,p5;,bloodjournal.org;,366824029;,uncertain,1,5,3
212035232,hmm,couple of tempting one,1,1,1,,hmm,,,couple,of tempting one,p8c;,terrypratchettbooks.com;,359044656;,no,0,0,9
163572597,house on haunted hill,remake of a horror,1,1,1,,house,on haunted hill,,remake,of a horror,p8a;,filmfreakcentral.net;,141473509;,yes,6,1,2
173275358,homo sapiens idaltu,archaic homo,1,1,1,,homo,sapiens idaltu,archaic,homo,,p1;,blogspot.com;,400972217;,uncertain,2,3,4
326011404,few house,cat match oscar' description,1,1,1,few,house,,,cat,match oscar' description,p8b;,vcahospitals.com;,318538283;,no,0,1,8
387367238,may-beth-lou-sarah-jane hootie,member of the redneck,1,1,1,may-beth-lou-sarah-jane,hootie,,,member,of the redneck,p8a;,grandtheftwiki.com;,256197442;,no,1,2,6
470574566,hoe,rhyme about something,1,1,1,,hoe,,,rhyme,about something,p26;,quantumcritics.com;,281427663;,no,0,0,9
60227688,humanity,congress,1,1,1,,humanity,,,congress,,p26;,hartford-hwp.com;,270884844;,no,0,0,9
233910823,3d media hub,3d content,1,1,1,3d media,hub,,3d,content,,p28b;,bzpower.com;,395962890;,uncertain,1,5,3
242175943,abstract purpose/objective ic87361,morpholine derivative,1,1,1,abstract purpose/objective,ic87361,,morpholine,derivative,,p8a;,allenpress.com;,152327160;,no,1,3,5
11810841,idea of toy,thought,1,1,1,,idea,of toy,,thought,,p2;,comicbookresources.com;,328838816;,no,2,0,7
127376810,note idea,bad one,1,1,1,note,idea,,bad,one,,p8a;,metafilter.com;,35030216;,no,0,1,8
212630228,john presley iii,confederate marine,1,1,1,john presley,iii,,confederate,marine,,p8a;,somethingawful.com;,234420504;,uncertain,2,6,1
108316759,im,string guitar,1,1,1,,im,,string,guitar,,p16;,ultimate-guitar.com;,100288462;,no,0,1,8
114776413,impact,media like tv-series,1,1,1,,impact,,,media,like tv-series,p28d;,informationr.net;,66696627;,yes,5,1,3
328328473,efficient generic implementation,difference,2,1,2,efficient generic,implementation,,,difference,,p34;,drdobbs.com;boost.org;,325358127;101471227;,no,2,2,5
58223649,ownership interest in us,gas business,1,1,1,ownership,interest,in us,gas,business,,p3a;,sec.gov;,255882007;,no,0,1,8
277124217,intelligent,similarly,1,1,1,,intelligent,,,similarly,,p25;,perl.org;,27363456;,no,1,0,8
356409508,inspiration,song write by peter,1,1,1,,inspiration,,,song,write by peter,p8a;,wikipedia.org;,125362514;,no,1,2,6
357941821,corporate interest,amalex jones,1,1,1,corporate,interest,,amalex,jones,,p23a;,chiefsplanet.com;,397793637;,no,1,1,7
408982909,installation of a semiconductor,time consuming procedure,1,1,1,,installation,of a semiconductor,,time,consuming procedure,p8a;,google.com;,448177559;,no,4,0,5
411064589,inclusion of funding,constant question,1,1,1,,inclusion,of funding,constant,question,,p8b;,recordernews.com;,402705397;,no,4,0,5
98432274,ip,restraint on speech,1,1,1,,ip,,,restraint,on speech,p3a;,techdirt.com;,47918778;,no,0,2,7
308247170,iptv,real time datum stream,1,1,1,,iptv,,real time datum,stream,,p5;,blogspot.com;,414268834;,uncertain,2,4,3
375616761,potential issue,factual issue,1,1,1,potential,issue,,factual,issue,,p8a;,silentpcreview.com;,249324378;,no,2,2,5
376130499,issue like the achievement,critical point,1,1,1,,issue,like the achievement,critical,point,,p2;,nashvillecitypaper.com;,392970713;,no,2,0,7
430495312,isoform of protein kinase,variety of cellular signaling,1,1,1,,isoform,of protein kinase,,variety,of cellular signaling,p3a;,researchgate.net;,242540058;,uncertain,2,3,4
166053553,jane from interrupting,reward hand,1,1,1,,jane,from interrupting,reward,hand,,p43;,fanfiction.net;,449215531;,no,0,1,8
312032058,jack,people of modest means,1,1,1,,jack,,,people,of modest means,p5;,glocktalk.com;,13409056;,no,1,2,6
169289545,post july 7,dish,1,1,1,post,july,7,,dish,,p8a;,dream-marriage.com;,234153191;,no,1,0,8
500928406,justification for coercion,examination of topic,2,1,1,,justification,for coercion,,examination,of topic,p5;,ualr.edu;,50297795;451851505;,no,3,1,5
157527284,kathy,native of the appalachian,1,1,1,,kathy,,,native,of the appalachian,p8a;,blogspot.com;,379699082;,uncertain,4,3,2
270944741,karbala,shrine,4,4,3,,karbala,,,shrine,,p5;p23d;p8a;p20a;,yoel.info;iraq-businessnews.com;reocities.com;,155485329;336380910;368420075;380273571;,uncertain,3,5,1
367058631,kenya,place,221,19,178,,kenya,,,place,,p5;p4;p2;p1;p10;p12a;p8a;p8c;p8b;p15a;p23a;p25;p23b;p20c;p20b;p27a;p20a;p28b;p3a;,baylor.edu;blogspot.in;mommybknowsbest.com;cedarville.edu;meetup.com;peacecorpsonline.org;inquirer.net;rightsidenews.com;portlandtribune.com;couchsurfing.com;robertchristgau.com;responsibilitytoprotect.org;dailystar.com.lb;pjmedia.com;lazoo.org;vigrxbox.com;worldplaces.net;cnn.com;jewishpolicycenter.org;publicradioeast.org;bbc.co.uk;divinecaroline.com;columbiamissourian.com;theday.com;zimbabwesituation.com;businessinsider.com;ktep.org;mg.co.za;menstennisforums.com;bhojpuria.com;philstockworld.com;outdoorhub.com;travellerspoint.com;wsj.com;intelnews.org;monitor.co.ug;asdnews.com;nzdl.org;therazor.org;fodors.com;parliament.uk;dailymail.co.uk;obamaconspiracy.org;indiewire.com;nypost.com;jmcc.org;mmajunkie.com;furious.com;infohub.com;typepad.com;mothering.com;wn.com;urbantimes.co;realadventures.com;china-briefing.com;philintheblank.net;umb.edu;boulderweekly.com;northernmagic.com;washingtonmonthly.com;gemalto.com;carrollspaper.com;issuu.com;scienceblogs.com;uottawa.ca;telecompaper.com;bellanaija.com;ramseygems.com;ghanaweb.com;presszoom.com;seniorsworldchronicle.com;cfr.org;organicbouquet.com;rgj.com;russellmeansfreedom.com;unr.edu;stanford.edu;letsrun.com;paraibainternational.com;the-synapse-project.org;shutterbug.com;costaricaexpeditions.com;westminstercollege.edu;washingtonpost.com;runnersworld.com;hurriyetdailynews.com;scielosp.org;unity96.org.uk;news24.com;tumblr.com;jewishjournal.com;aim.org;serebiiforums.com;thextraordinary.org;observer.com;missioncrossroads.org;indianetzone.com;centralmaine.com;sjuit.ac.tz;buffalonews.com;mcny.edu;thetimes.co.uk;pesdapress.com;thegavoice.com;timesrepublican.com;wtamu.edu;arcticstartup.com;sportquestholidays.com;oberlin.edu;wikitravel.org;eslteachersboard.com;microsains.com;votesmart.org;abovetopsecret.com;jacketflap.com;pcusa.org;lssu.edu;dawn.com;hillstravel.com;globalgrasshopper.com;juneauempire.com;parapundit.com;aish.com;marin.org;kwit.org;wakeupcall.at;peninsulaclarion.com;lifescript.com;hiddenharmonies.org;metropolitan.edu;worldwidehuntingbooks.com;balancingact-africa.com;ufl.edu;anu.edu.au;thestandard.org.nz;bullshido.net;applehotels.com;sweetmarias.com;s-cool.co.uk;thegatewaypundit.com;ibtimes.com;populationmedia.org;huffingtonpost.ca;bycommonconsent.com;conservativetruth.org;who.int;wfae.org;jmu.edu;latimes.com;slideshare.net;yourblackworld.net;wicn.org;rt.com;heroescommunity.com;dissidentvoice.org;adweek.com;freerepublic.com;realityblurred.com;fool.com;harddawn.com;blogspot.com;factmonster.com;uwe.ac.uk;photoeye.com;esa.int;prlog.org;fvsu.edu;kccu.org;hilbert.edu;google.com;celsias.com;celebitchy.com;infoplease.com;baptistsonmission.org;africanglobe.net;tmcnet.com;monbiot.com;wordpress.com;,233820661;380096536;25453950;121777092;2397051;260270817;99304883;43092585;90668080;235711970;69088281;137830419;329229072;160077598;198421771;242218310;432354950;227225358;229575627;164274489;346290459;166903968;224349258;103165812;167664324;153503734;300323406;214001294;431919963;222411770;116253166;253082725;103143785;244205774;432296108;281485205;314566763;68851154;417694450;255017170;22737785;181186483;113969499;102949769;68753905;411454544;456205376;407694503;299701103;93972070;22834798;144943821;55094164;23807622;320092664;91298873;160583015;394747121;235667296;352946895;235483040;440355617;50352044;319967184;416190603;103023615;229953761;205869941;189034237;270751476;94054872;210465399;257385598;413446169;250998105;336758936;325164496;314836551;38533004;347726534;283238889;75914156;230731066;180655439;286854440;85645933;391002918;2393719;289749200;431390939;134137180;276535962;302428695;343273595;91211932;100962861;163750271;120231447;129065888;231070472;25625540;34155465;112554265;407520019;128792333;329826267;452501165;303787559;74217619;302312841;118321541;380067721;33618526;241185532;208244697;32412569;180870215;321803396;112553573;243245724;54620601;452604328;222444121;366242640;341984491;345346170;294393536;440645373;62440203;121748642;156685817;192125123;1305839;191542428;239631217;122280871;273706892;232383286;135432137;148300783;353616448;345783059;116685094;223773941;422085219;255720821;453158235;231656128;180745032;169401287;300178512;426502252;199301850;286592541;101845436;376452268;337767035;194884241;76377410;71531056;30063941;428109768;180488306;196984837;398531684;21066167;324500719;228340577;259894591;91211223;181216727;425375205;442790429;342619029;333026186;112549754;343425274;309445716;129425598;424041396;337298779;343921350;329332328;383733373;143775482;331866727;409941543;189928470;139852115;353430155;222514974;318331231;172457653;165374951;55183114;438871883;321643286;374339185;428530145;356519874;103110137;54846268;156727883;423612656;318107043;423200672;90838482;66137329;27247148;358533898;344218901;388196256;425346175;437472254;420129804;171575305;180608480;252668561;445615851;335489496;212650554;,yes,9,0,0
236735507,weird kid,version,1,1,1,weird,kid,,,version,,p8a;,deviantart.com;,237004984;,no,0,2,7
214258076,sun kvm,system,1,1,1,sun,kvm,,,system,,p4;,google.com;,123695296;,uncertain,1,4,4
282190435,coastal adaptation law,environmental law,1,1,1,coastal adaptation,law,,environmental,law,,p2;,sydney.edu.au;,177401149;,yes,7,0,2
332351683,primary law,authenticated international law material,1,1,1,primary,law,,authenticated international law,material,,p3a;,unc.edu;,61389830;,uncertain,2,4,3
370541356,transparent conductive layer 2,first layer,1,1,1,transparent conductive,layer,2,first,layer,,p8a;,google.de;,138355549;,uncertain,1,5,3
465516392,law the embodiment,guide of the blind,1,1,1,,law,the embodiment,,guide,of the blind,p8c;,biblehub.com;,288918613;,no,0,2,7
468059483,law,whole by the name,2,1,2,,law,,,whole,by the name,p27b;,biblehub.com;biblegateway.com;,211521201;211583207;,no,0,1,8
94512143,leaf,sustained wind speed,1,1,1,,leaf,,sustained wind,speed,,p24;,louisianacrops.com;,216740866;,no,0,0,9
364515903,level of honesty,thing,2,2,2,,level,of honesty,,thing,,p5;p43;,smh.com.au;mrdestructo.com;,172193967;161492587;,uncertain,4,1,4
369445098,national level,global level,1,1,1,national,level,,global,level,,p8a;,uncsd2012.org;,300207160;,no,2,0,7
11637059,line,john premier,1,1,1,,line,,john,premier,,p3a;,uky.edu;,148145322;,no,0,0,9
90432961,navi appeared link,loser,1,1,1,navi appeared,link,,,loser,,p8b;,deviantart.com;,354721989;,no,0,2,7
127199346,kinda life with me,best friend rex,1,1,1,kinda,life,with me,best friend,rex,,p21a;,booksie.com;,277312152;,no,0,1,8
189163399,nike mercurial line,revolutionary collection,1,1,1,nike mercurial,line,,revolutionary,collection,,p8a;,soccer.com;,173280299;,uncertain,0,5,4
496557804,nanowerk spotlight lithium-ion li-ion,type of rechargeable battery,1,1,1,nanowerk spotlight lithium-ion,li-ion,,,type,of rechargeable battery,p8c;,nanowerk.com;,239094377;,yes,5,1,3
157247386,login,login system,1,1,1,,login,,login,system,,p8a;,sa-mp.com;,351471203;,uncertain,3,3,3
174583543,emma' loan in one,out-of-this-world kind of game,1,1,1,emma',loan,in one,out-of-this-world,kind,of game,p8a;,downfocus.com;,389591492;,no,0,4,5
322951333,londo,lonely man,1,1,1,,londo,,lonely,man,,p8a;,noise2sig.nl;,57334429;,no,1,2,6
336951540,loran,equipment,1,1,1,,loran,,,equipment,,p5;,nap.edu;,142414542;,no,0,2,7
367285087,facebook canvas app login,login,1,1,1,facebook canvas app,login,,,login,,p11;,stackoverflow.com;,222771004;,yes,5,2,2
464527338,lt,style,1,1,1,,lt,,,style,,p8c;,travelsignposts.com;,386492809;,no,1,1,7
25922572,luminance value the cr,replica of the color,1,1,1,,luminance,value the cr,,replica,of the color,p8a;,google.com;,278696465;,no,1,1,7
258819480,lying,accordance,3,1,3,,lying,,,accordance,,p27b;,google.com;google.es;google.ca;,225812687;226088972;225463839;,no,1,1,7
35388957,marquez,third fight,1,1,1,,marquez,,third,fight,,p23b;,thesweetscience.com;,101376945;,no,3,0,6
184824089,malaysia,community all over asia,1,1,1,,malaysia,,,community,all over asia,p3a;,transitionsabroad.com;,165441726;,no,4,0,5
241559302,classic map,reproduction of every nat,1,1,1,classic,map,,,reproduction,of every nat,p3a;,uncrate.com;,117438910;,no,0,1,8
254402254,macadamian,google,1,1,1,,macadamian,,,google,,p8a;,picpacwrack.net;,20697141;,no,0,0,9
255438075,manufactur,effect of setting,1,1,1,,manufactur,,,effect,of setting,p26;,cornell.edu;,267432451;,no,2,0,7
278348678,payee controlsus5652786 may 16,midwest payment systemssystem,1,1,1,payee controlsus5652786,may,16,midwest payment,systemssystem,,p3a;,google.com;,27026111;,uncertain,2,4,3
363443604,marriage in the hall,funny movie,1,1,1,,marriage,in the hall,funny,movie,,p8a;,movieguide.org;,72895171;,no,4,0,5
386715458,marisa,site member,1,1,1,,marisa,,site,member,,p8a;,pixelscrapper.com;,449431608;,yes,5,2,2
395252591,manser,miller in canada,1,1,1,,manser,,,miller,in canada,p8b;,familysearch.org;,221201822;,uncertain,3,4,2
400152124,manuscript,miscellany,1,1,1,,manuscript,,,miscellany,,p8a;,archive.org;,51252396;,no,2,0,7
439633123,richard madsen,selling critical account,1,1,1,richard,madsen,,,selling,critical account,p12a;,berkeley.edu;,353532982;,no,1,2,6
455922042,math the federal budget,exercise in optimism,1,1,1,,math,the federal budget,,exercise,in optimism,p8a;,govexec.com;,311921349;,no,0,3,6
488933457,former marine,poet,1,1,1,former,marine,,,poet,,p8a;,tennesseewilliams.net;,109865715;,no,2,2,5
158382712,230mb for system,luxury,1,1,1,,230mb,for system,,luxury,,p8a;,modaco.com;,321240404;,no,0,1,8
410451221,schoolteacher christa mcauliffe,everyone on board,1,1,1,schoolteacher christa,mcauliffe,,,everyone,on board,p3a;,post-gazette.com;,81606830;,no,1,1,7
122397072,method,loose,1,1,1,,method,,,loose,,p8a;,arstechnica.com;,375431211;,no,1,1,7
240306668,related means,produce1988-10-25wade426/2634764389method of accelerate fruit,1,1,1,related,means,,,produce1988-10-25wade426/2634764389method,of accelerate fruit,p24;,freepatentsonline.com;,108282298;,no,0,3,6
268863945,plymouth meeting,new jersey,1,1,1,plymouth,meeting,,new,jersey,,p3a;,mortgagekevin.com;,43972720;,no,0,2,7
333921256,methamphetamine,away,1,1,1,,methamphetamine,,,away,,p5;,americanbar.org;,373082534;,no,0,0,9
403379497,member for crewe,hon,1,1,1,,member,for crewe,,hon,,p1;,millbanksystems.com;,39619766;,no,0,0,9
447693898,merger,service for middle-market company,1,1,1,,merger,,,service,for middle-market company,p1;,frostsecurities.com;,153375621;,no,2,2,5
507206333,messenger,righteousness,1,1,1,,messenger,,,righteousness,,p21a;,blogspot.com;,161471274;,no,0,1,8
233513443,mfp,general,1,1,1,,mfp,,,general,,p5;,google.com;,196428858;,no,0,3,6
2780902,mitt,u.s mormons,2,1,2,,mitt,,u.s,mormons,,p8d;,sunlituplands.org;renewamerica.com;,172229439;172133293;,uncertain,4,1,4
50123045,mineral,high-tech industry,1,1,1,,mineral,,high-tech,industry,,p1;,mines.nic.in;,275853352;,no,0,0,9
78686318,minimum of 13 percent,interest rate,1,1,1,,minimum,of 13 percent,interest,rate,,p21b;,creditcardchaser.com;,158245542;,no,2,2,5
128582547,av2 mimo,yes,1,1,1,av2,mimo,,,yes,,p3a;,homeplug.org;,285777963;,no,0,2,7
220978109,mississippus,american songwriter,3,1,3,,mississippus,,american,songwriter,,p8b;,amplified.com;ranker.com;wikipedia.org;,380294888;369939348;374251989;,no,0,3,6
397699926,full minute,strike,1,1,1,full,minute,,,strike,,p8b;,wordpress.com;,188269829;,no,0,0,9
35714925,saturday morning,whole different world,1,1,1,saturday,morning,,whole different,world,,p8b;,blogspot.com;,58490380;,no,3,0,6
72434795,mottley,case of ilk,1,1,1,,mottley,,,case,of ilk,p1;,oyez.org;,348785953;,no,1,1,7
159965786,fee-for-service model,funding source,1,1,1,fee-for-service,model,,funding,source,,p5;,ca.gov;,6217799;,uncertain,3,3,3
174516988,move,job-related move,1,1,1,,move,,job-related,move,,p34;,krusekronicle.com;,267917504;,uncertain,1,5,3
325387808,mouth,little dry too,2,1,2,,mouth,,little dry,too,,p8a;,metafilter.com;30bananasaday.com;,79359746;127078525;,uncertain,2,3,4
350391505,monteith,canucks fan,1,1,1,,monteith,,canucks,fan,,p8b;,canucksarmy.com;,344996216;,uncertain,3,3,3
384237222,mountain,self impose hardship,1,1,1,,mountain,,,self,impose hardship,p8a;,bycommonconsent.com;,275158052;,no,0,2,7
489513045,morley,many,2,1,1,,morley,,,many,,p3a;,gainesville.com;,198597202;33173750;,no,0,3,6
493902099,monday for all case,duke,1,1,1,,monday,for all case,,duke,,p4;,historyofparliamentonline.org;,160839967;,no,0,0,9
498309527,mother,comb,1,1,1,,mother,,,comb,,p8b;,celticradio.net;,79327148;,no,0,0,9
155063087,music as a science,principal reason,1,1,1,,music,as a science,principal,reason,,p8b;,ellopos.net;,46861605;,no,1,3,5
321976028,mutation,extrinsic perturbation,1,1,1,,mutation,,extrinsic,perturbation,,p5;,hindawi.com;,292258059;,uncertain,1,4,4
225431068,tyler myers,brennan 1544,1,1,1,tyler,myers,,,brennan,1544,p23b;,buffalohockeybeat.com;,62172684;,no,0,4,5
6969816,name of specific work,pertien,2,1,1,,name,of specific work,,pertien,,p3a;,getty.edu;,289310547;77712903;,no,0,2,7
98778070,native of sioux falls,graduate of mount marty,1,1,1,,native,of sioux falls,,graduate,of mount marty,p8a;,vancethompsonvision.com;,120796440;,no,0,4,5
164409489,nancy,local lawyer,1,1,1,,nancy,,local,lawyer,,p8a;,sptimes.com;,230367940;,uncertain,4,2,3
167135249,unit name,dash,1,1,1,unit,name,,,dash,,p8a;,wordpress.com;,314908343;,no,1,2,6
364011995,a narrator,render scene,1,1,1,a,narrator,,render,scene,,p5;,complete-review.com;,200487341;,no,1,0,8
12862861,newspaper,story about the physicist,2,1,2,,newspaper,,,story,about the physicist,p8b;,samefacts.com;washingtonmonthly.com;,292301882;292110438;,no,0,2,7
70299799,domain network,vlan in domain network,1,1,1,domain,network,,,vlan,in domain network,p26;,google.fr;,227595708;,uncertain,2,3,4
254358306,newsletter,write health information senior,1,1,1,,newsletter,,write health information,senior,,p28d;,uncoverobamacare.com;,281821023;,no,0,2,7
63817575,linguistic normalization in health,priority of the ministry,1,1,1,linguistic,normalization,in health,,priority,of the ministry,p8a;,cap.org;,141157304;,no,2,1,6
69511526,vino nobile about tony,photographer,1,1,1,vino,nobile,about tony,,photographer,,p8a;,travelsignposts.com;,438624222;,no,0,0,9
107596234,no,actual mechanical effect,1,1,1,,no,,actual mechanical,effect,,p8b;,wordpress.com;,362625836;,no,0,0,9
136779256,northwest,flight safety,1,1,1,,northwest,,flight,safety,,p8a;,worthpoint.com;,420305651;,no,0,0,9
365932273,north,scrub,1,1,1,,north,,,scrub,,p23d;,wakeworld.com;,339112211;,no,0,0,9
121767221,number,paint might,1,1,1,,number,,paint,might,,p28d;,docstoc.com;,94211177;,no,0,0,9
58373736,occurred,accident,4,2,4,,occurred,,,accident,,p5;p10;,archive.org;loc.gov;ancestry.com;patheos.com;,359311039;80711349;32393293;24721238;,no,1,0,8
382170021,13-of-15,line,1,1,1,,13-of-15,,,line,,p3a;,lsugoldeneagles.com;,10772737;,no,2,1,6
444479298,office with a pile,cigarette burning,1,1,1,,office,with a pile,cigarette,burning,,p8a;,blogspot.com;,19527517;,no,0,0,9
265538957,ok,instructer,1,1,1,,ok,,,instructer,,p8b;,rcgroups.com;,372319967;,no,0,0,9
407038365,o-line,ton of starter,1,1,1,,o-line,,,ton,of starter,p2;,elevenwarriors.com;,42933428;,no,0,3,6
470207839,economic one,issue confront indonesia,1,1,1,economic,one,,,issue,confront indonesia,p21d;,thejakartapost.com;,243365956;,no,4,0,5
499820603,free space optics,expensive point-to-point link,1,1,1,free space,optics,,expensive point-to-point,link,,p5;,computerweekly.com;,384141017;,uncertain,2,4,3
433632020,grand bohemian hotel orlando,art collector richard kessler,1,1,1,grand bohemian hotel,orlando,,art collector richard,kessler,,p3a;,orlandomagazine.com;,232927190;,no,0,1,8
156981565,other,major safety,1,1,1,,other,,major,safety,,p23d;,export.gov;,208764385;,no,1,0,8
223093030,other,past illness,1,1,1,,other,,past,illness,,p5;,medhelp.org;,115981357;,no,2,0,7
160546057,owner of divinitea,nation,1,1,1,,owner,of divinitea,,nation,,p12a;,skaneatelessuites.com;,208327587;,no,0,0,9
75518760,passage of the energy,step toward the implementation,1,1,1,,passage,of the energy,,step,toward the implementation,p8b;,rferl.org;,346730064;,uncertain,3,2,4
161351002,paper,security number on template,1,1,1,,paper,,security,number,on template,p36;,foxrothschild.com;,398270923;,no,1,1,7
168413735,page 1501,link http,1,1,1,,page,1501,link,http,,p8a;,ibm.com;,109165599;,no,0,2,7
230363089,paper,hp printer,4,1,4,,paper,,hp,printer,,p34;,staples.com;7gifts.com;brandsmartusa.com;samsclub.com;,439049933;76613848;15384421;12671547;,no,1,0,8
243735969,parable,aggression by author,1,1,1,,parable,,,aggression,by author,p28c;,abc.net.au;,85049406;,no,0,3,6
251686031,pan,stock size,1,1,1,,pan,,stock,size,,p8a;,hotrodders.com;,337250616;,no,3,1,5
256318984,hr business partnering,module cover topic,1,1,1,hr business,partnering,,,module,cover topic,p5;,newswire.com;,388989896;,uncertain,3,3,3
281342115,pan,god of wine,1,1,1,,pan,,,god,of wine,p5;,mythicalcreaturesguide.com;,304770269;,uncertain,2,3,4
289053676,defect part,condition,2,1,2,defect,part,,,condition,,p27b;,google.com;patentgenius.com;,105394381;403486197;,no,4,0,5
298293257,paula,surprise,1,1,1,,paula,,,surprise,,p8a;,tvline.com;,383644894;,no,1,0,8
498098255,parker,round pick,4,1,4,,parker,,round,pick,,p8b;,bleacherreport.com;collegebaseballdaily.com;thehuddle.com;bleachernation.com;,31315678;104546021;301543831;149662770;,no,0,1,8
265625812,advanced font viewer pc,comprehensive applicatio,1,1,1,advanced font viewer,pc,,comprehensive,applicatio,,p8a;,dafont.com;,264615483;,no,2,2,5
34531980,penance,human birth,1,1,1,,penance,,human,birth,,p21a;,indusladies.com;,378878253;,no,0,1,8
115786776,person,such crime,1,1,1,,person,,such,crime,,p26;,screenrant.com;,81419280;,no,0,0,9
255862828,perception of barrier,factor affect duration,1,1,1,,perception,of barrier,,factor,affect duration,p8b;,lww.com;,103105000;,no,0,3,6
432175601,pension,tax-advantaged institutional account,1,1,1,,pension,,tax-advantaged institutional,account,,p1;,darwinsmoney.com;,426779909;,yes,5,2,2
462766898,sheffield performance,division of race spec,1,1,1,sheffield,performance,,,division,of race spec,p8a;,ebay.co.uk;,283872753;,uncertain,1,5,3
139132257,photobucket,online photo editing,1,1,1,,photobucket,,online photo,editing,,p4;,wacom.com;,316380244;,yes,7,0,2
243760643,john philips 1,exaltation of paltry subject,1,1,1,john,philips,1,,exaltation,of paltry subject,p5;,bartleby.com;,368314218;,no,1,3,5
205704667,pizza,less good,1,1,1,,pizza,,less,good,,p2;,foodloveswriting.com;,41700610;,no,0,0,9
174575588,bombliss plus,crazy new mode,1,1,1,bombliss,plus,,crazy new,mode,,p3a;,vg247.com;,291195386;,no,0,4,5
260605820,place in afghanistan,largest common deployment,1,1,1,,place,in afghanistan,largest common,deployment,,p21a;,romanianspecialforces.com;,6213685;,uncertain,2,3,4
500847870,planet,rest of the meal,1,1,1,,planet,,,rest,of the meal,p21a;,bobdelgrosso.com;,245842714;,no,1,0,8
76709207,poverty,muse,1,1,1,,poverty,,,muse,,p36;,blogspot.com;,25301611;,no,0,1,8
115426859,beauty powder,bunch,1,1,1,beauty,powder,,,bunch,,p3a;,blogspot.com;,276950134;,no,1,0,8
339248467,point,standing agreement,1,1,1,,point,,standing,agreement,,p8a;,zimbabwesituation.com;,106759654;,no,0,1,8
339402569,point for beginner,reference for experienced knitter,1,1,1,,point,for beginner,,reference,for experienced knitter,p8a;,yarn.com;,377716608;,no,2,2,5
34625741,praying,important thing,2,1,2,,praying,,important,thing,,p21c;,vatican.va;orthodoxchristianity.net;,401743559;297679814;,yes,5,1,3
42923436,privation of sight,severer misfortune,1,1,1,,privation,of sight,severer,misfortune,,p8a;,libertyfund.org;,281087764;,no,1,3,5
67949145,practitioner,clearer sense,1,1,1,,practitioner,,clearer,sense,,p8a;,dynamicchiropractic.com;,157608489;,no,1,0,8
68475445,prerequisite,sense of humor,3,2,2,,prerequisite,,,sense,of humor,p8a;p8c;,elixher.com;mtholyoke.edu;,290230996;446323578;189164310;,no,1,0,8
197176531,price,travel site like expedium,1,1,1,,price,,travel,site,like expedium,p37;,maximizingmoney.com;,328802450;,no,1,1,7
222992531,price,brothel,1,1,1,,price,,,brothel,,p36;,lasvegassun.com;,335341207;,no,1,0,8
274495964,process of ^^,ancient device,1,1,1,,process,of ^^,ancient,device,,p8a;,archive.org;,125260495;,no,0,2,7
345518935,political prisoner,reality,1,1,1,political,prisoner,,,reality,,p8a;,iranbriefing.net;,335892891;,yes,5,0,4
352596804,president of the olla,strong supporter,1,1,1,,president,of the olla,strong,supporter,,p8b;,usgwarchives.net;,255584173;,no,2,2,5
403338710,prozac,overprescribe use,1,1,1,,prozac,,overprescribe,use,,p23a;,depressionblog.com;,272426102;,uncertain,4,1,4
410783495,principal,training among dealership staff,1,1,1,,principal,,,training,among dealership staff,p3a;,dealernews.com;,6481279;,no,2,0,7
497188633,prayer over the bride,part,1,1,1,,prayer,over the bride,,part,,p2;,archive.org;,135382314;,no,2,1,6
175255895,new pull,hook of agency--whether,1,1,1,new,pull,,,hook,of agency--whether,p8a;,mfj-online.org;,117046252;,no,0,0,9
209693125,pub,place selling alcohol orhave,1,1,1,,pub,,place selling alcohol,orhave,,p4;,lawstuff.org.au;,185415558;,yes,6,0,3
347091706,puyikang,hygiene product from japan,1,1,1,,puyikang,,hygiene,product,from japan,p8a;,blogspot.com;,439810356;,uncertain,2,4,3
387473489,general public,member of the media,1,1,1,general,public,,,member,of the media,p1;,lostlettermen.com;,428980369;,no,2,0,7
279503713,status quo,real convenience and,1,1,1,status,quo,,real convenience,and,,p8a;,competitor.com;,4117929;,no,4,0,5
24307052,logical reasoning,example,1,1,1,logical,reasoning,,,example,,p8a;,quizlet.com;,377275649;,no,4,0,5
116143560,de-baathification reform,thing,1,1,1,de-baathification,reform,,,thing,,p10;,suntimes.com;,132189225;,no,3,0,6
134099849,tenacious rebounder,tallest player,1,1,1,tenacious,rebounder,,tallest,player,,p21b;,centralmaine.com;,10054164;,no,4,0,5
184025665,pilch recalled,early morning valentine,1,1,1,pilch,recalled,,early morning,valentine,,p8b;,dawsonnews.com;,421813325;,no,0,0,9
392905392,reeves,key injury,1,1,1,,reeves,,key,injury,,p5;,wordpress.com;,233721864;,no,1,0,8
452083533,mayoral reform,examination of student progress,1,1,1,mayoral,reform,,,examination,of student progress,p8a;,gothamgazette.com;,59515243;,no,0,2,7
466757498,ref of the u,issue with the officiating,1,1,1,,ref,of the u,,issue,with the officiating,p23c;,blogspot.com;,342586804;,no,0,1,8
474637813,troia recordings,record label,2,1,1,troia,recordings,,record,label,,p8a;,bonzaiprogressive.com;,35780019;223486282;,uncertain,3,3,3
498887288,result,love with player,1,1,1,,result,,,love,with player,p2;,razzball.com;,248043155;,no,0,0,9
287991695,radio frequency identification rfid,communication mechanism,1,1,1,radio frequency identification,rfid,,communication,mechanism,,p4;,google.com;,397375554;,yes,6,1,2
404231247,rhythm of life,american elf,1,1,1,,rhythm,of life,american,elf,,p21a;,stormingthetower.com;,336677445;,no,0,0,9
155275365,right of photo,dedicated shutter button,1,1,1,,right,of photo,dedicated shutter,button,,p8a;,steves-digicams.com;,330326513;,no,1,1,7
307228942,rise in the price,critic with the image,1,1,1,,rise,in the price,,critic,with the image,p25;,inquirer.net;,175800206;,no,1,0,8
92172679,human figure rmah,image,1,1,1,human figure,rmah,,,image,,p3a;,archeolog-home.com;,101256220;,no,1,2,6
10534697,xhosa deluxe queen room,balcony,2,1,1,xhosa deluxe queen,room,,,balcony,,p8a;,safarinow.com;,146860073;308890784;,no,0,1,8
75530685,fiction romance,epic tale of passion,1,1,1,fiction,romance,,epic,tale,of passion,p8a;,smashwords.com;,58085789;,uncertain,4,2,3
94756223,cavernous room,couch,1,1,1,cavernous,room,,,couch,,p28b;,blogspot.com;,363064271;,no,0,1,8
201510280,baton rouge,various hot-spot city,1,1,1,baton,rouge,,various hot-spot,city,,p5;,zpicaudit.com;,99472812;,yes,5,3,1
201894924,former starter tanner roark,rest of the bullpen,1,1,1,former starter tanner,roark,,,rest,of the bullpen,p21a;,tickpick.com;,181270913;,no,1,2,6
454543737,rope,elephant,2,2,2,,rope,,,elephant,,p25;p8a;,geniimagazine.com;blogspot.in;,355544416;286239893;,no,0,0,9
458874931,rose,teammate,3,3,3,,rose,,,teammate,,p21b;p2;p20a;,go.com;forumblueandgold.com;dallas-mavs.com;,77953718;383406684;281740944;,no,2,1,6
503727242,rosinstall,command-line tool in ro,1,1,1,,rosinstall,,command-line,tool,in ro,p8a;,ros.org;,154164061;,uncertain,1,4,4
85915019,salt,excess water,2,1,2,,salt,,excess,water,,p5;,google.com;google.com.au;,88786901;88789208;,no,0,0,9
195511198,toma lechon sauce,time,1,1,1,toma lechon,sauce,,,time,,p1;,marketmanila.com;,1571018;,no,0,0,9
207089658,summery salad of sort,temperature,1,1,1,summery,salad,of sort,,temperature,,p8a;,leitesculinaria.com;,180319308;,no,0,0,9
398715462,sakura,people stare at him,1,1,1,,sakura,,,people,stare at him,p23a;,fanfiction.net;,330369304;,no,0,0,9
493778448,"salary $1,5 million","page pay $1,793,800",1,1,1,,salary,"$1,5 million",,page,"pay $1,793,800",p3a;,smarthouse.com.au;,450956975;,no,0,2,7
270998853,computer science,comparable degree in area,2,1,1,computer,science,,comparable,degree,in area,p5;,dataversity.net;,142172675;39183067;,yes,6,1,2
287465080,tomography ct scan,new imaging technique,1,1,1,tomography ct,scan,,new imaging,technique,,p8a;,yale.edu;,352199797;,uncertain,4,1,4
390484094,competent schwab,beyond,1,1,1,competent,schwab,,,beyond,,p8a;,glassdoor.com;,212671449;,no,0,0,9
432857289,scholar,believe,2,2,2,,scholar,,,believe,,p2;p3a;,northwestern.edu;bibleserralta.com;,307892669;175874501;,no,0,1,8
482339352,precision ultrafast light sciences,cradle of innovative idea,1,1,1,precision ultrafast light,sciences,,,cradle,of innovative idea,p8a;,uah.edu;,346804385;,no,1,2,6
20039415,application server,product management,1,1,1,application,server,,product,management,,p3a;,decisionstats.com;,248101662;,no,3,0,6
44828216,section of theirnetwork management,isp' term andcondition document,1,1,1,,section,of theirnetwork management,isp' term andcondition,document,,p23d;,comodo.com;,585666;,no,0,1,8
99335721,microsoft sql server 2000,numerous database,2,1,2,microsoft sql,server,2000,numerous,database,,p3a;,google.com;google.es;,308155815;304416658;,uncertain,2,4,3
268660971,seconds,warmth,1,1,1,,seconds,,,warmth,,p28a;,harrypotterfanfiction.com;,323995409;,no,0,0,9
498773739,couchbase server,memcach apus compatible database,1,1,1,couchbase,server,,memcach,apus,compatible database,p8a;,phpdeveloper.org;,370297621;,uncertain,1,4,4
510348761,service,organization run,1,1,1,,service,,organization,run,,p8a;,archive.org;,197164797;,no,0,1,8
1231983,shoshanna,protagonist on the hbo,1,1,1,,shoshanna,,,protagonist,on the hbo,p12a;,haaretz.com;,252693169;,no,2,0,7
125941995,show call pirates,cat on the cover,1,1,1,,show,call pirates,,cat,on the cover,p8b;,animenewsnetwork.com;,108921722;,no,0,2,7
200904680,interactive shell,api',1,1,1,interactive,shell,,,api',,p1;,mongodb.org;,301745382;,no,2,1,6
221701292,various component shown,closure in the sense,1,1,1,various component,shown,,,closure,in the sense,p8a;,google.com;,214551019;,no,1,0,8
460714625,shin,opponent,1,1,1,,shin,,,opponent,,p3a;,randomc.net;,192442251;,no,1,0,8
37943897,allen simpson,dream for democrat,1,1,1,allen,simpson,,,dream,for democrat,p8a;,democraticunderground.com;,115017758;,no,1,3,5
302352435,beta site,new api update,1,1,1,beta,site,,new api,update,,p8a;,giantbomb.com;,84518391;,no,2,2,5
355208782,sirjunlegun the dia location,joke,1,1,1,,sirjunlegun,the dia location,,joke,,p8a;,abovetopsecret.com;,243422423;,no,0,2,7
387208294,nasty singer,natural beauty,1,1,1,nasty,singer,,natural,beauty,,p8a;,heart.co.uk;,368478594;,no,1,2,6
97185308,omiware slidesavermaker,cocoa application,1,1,1,omiware,slidesavermaker,,cocoa,application,,p8a;,macupdate.com;,220381190;,no,0,4,5
395114780,smoker,plenty of chair,1,1,1,,smoker,,,plenty,of chair,p36;,cruisecritic.com;,338329144;,no,1,0,8
471241215,sme,wider range of enterprise,1,1,1,,sme,,wider,range,of enterprise,p2;,docstoc.com;,295614210;,no,0,3,6
221916349,snuff,product sell in tobacco,1,1,1,,snuff,,,product,sell in tobacco,p1;,directorie.eu;,372753999;,yes,6,0,3
54906055,so,mess for me,1,1,1,,so,,mess for,me,,p8b;,blogspot.com;,23716150;,no,0,1,8
201931992,south,of fried food,1,1,1,,south,,of fried,food,,p8a;,bobbiskozykitchen.com;,264649897;,no,2,0,7
289879047,touching song,amazonmp3,1,1,1,touching,song,,,amazonmp3,,p8a;,hiroshiwatanabe.com;,98400818;,no,1,2,6
405623134,someit,meat pie,1,1,1,,someit,,meat,pie,,p8b;,fanfiction.net;,403735806;,uncertain,0,5,4
454218307,lute song,moreover,1,1,1,lute,song,,,moreover,,p34;,sscm-jscm.org;,107100502;,no,0,3,6
510833004,soldier of fortune,man call palladino,1,1,1,,soldier,of fortune,,man,call palladino,p8a;,dmagazine.com;,179918473;,no,2,1,6
21935007,specification of user interface,contemporary user interface,2,1,1,,specification,of user interface,contemporary user,interface,,p3a;,uwaterloo.ca;,101817711;80849096;,no,4,0,5
81528038,spirituality,life living a life,1,1,1,,spirituality,,life,living,a life,p8a;,postnewsline.com;,54256527;,uncertain,4,2,3
201889417,sport,adventure game,1,1,1,,sport,,adventure,game,,p8a;,mobiletoones.com;,222948174;,uncertain,3,2,4
204648196,space,flow of the,1,1,1,,space,,,flow,of the,p2;,architectmagazine.com;,406275945;,no,2,1,6
205614969,spain,inflation rate in greece,1,1,1,,spain,,inflation,rate,in greece,p21c;,blogspot.com;,385352198;,no,0,0,9
216545977,sponsorship,monetization,1,1,1,,sponsorship,,,monetization,,p2;,typepad.com;,436514805;,no,4,0,5
376657225,stock split,memo entry,1,1,1,stock,split,,memo,entry,,p8a;,accountingcoach.com;,138755586;,no,2,0,7
180629234,stx-expr,identifier,1,1,1,,stx-expr,,,identifier,,p8a;,plt-scheme.org;,439103719;,no,0,3,6
203523170,story,stuff were,1,1,1,,story,,stuff,were,,p1;,popculturenexus.com;,277813782;,no,0,0,9
458351288,step,signal strength from front,1,1,1,,step,,signal,strength,from front,p8a;,google.com;,214696749;,no,0,0,9
31025489,superintendence,expert service in connection,2,1,2,,superintendence,,expert,service,in connection,p1;,nj.gov;state.nj.us;,95944288;95886089;,no,0,0,9
99875032,g20 summit,foreign official,2,1,2,g20,summit,,foreign,official,,p3a;,socialistworker.org;greenleft.org.au;,23139639;409649687;,no,2,0,7
165239194,surge in import,growth in the spring,1,1,1,,surge,in import,,growth,in the spring,p23b;,scaredmonkeys.com;,308951209;,no,1,2,6
345949982,superamp,clarity,1,1,1,,superamp,,,clarity,,p8b;,audioasylum.com;,166157145;,no,0,1,8
358756246,secret sunshine,study of denial,1,1,1,secret,sunshine,,,study,of denial,p8a;,dvdbeaver.com;,394872000;,no,0,2,7
437255853,hair transplant surgery,cosmetic surgical problem,1,1,1,hair transplant,surgery,,cosmetic surgical,problem,,p3a;,rejuvine.com;,420756290;,yes,7,0,2
481998485,suitcase,rock outfit from oshkosh,1,1,1,,suitcase,,rock,outfit,from oshkosh,p8a;,yellowphonemke.com;,262652034;,no,0,0,9
402927489,object system,little confusing too,1,1,1,object,system,,little confusing,too,,p8a;,riceball.com;,327313857;,no,0,1,8
422220044,two-party political system,principle of nspe-pac,1,1,1,two-party political,system,,,principle,of nspe-pac,p8c;,nspe.org;,260975510;,no,1,3,5
38102990,talking,greed,3,1,3,,talking,,,greed,,p28c;,refdesk.com;worldbank.org;slideshare.net;,289479524;125592342;126675455;,no,0,0,9
186131433,less tactical,market re-barrel,1,1,1,less,tactical,,market,re-barrel,,p21d;,perfectunion.com;,246584770;,no,0,2,7
194796326,takus,game,1,1,1,,takus,,,game,,p8a;,google.com;,349660302;,uncertain,1,4,4
233688418,tap,lovely feature,1,1,1,,tap,,lovely,feature,,p8a;,johnlewis.com;,67856955;,no,0,0,9
454345438,tungsten carbide insert tcus,foothill with various type,1,1,1,tungsten carbide insert,tcus,,,foothill,with various type,p3a;,drillingcontractor.org;,257271818;,no,0,3,6
92851291,tell,great place,1,1,1,,tell,,great,place,,p8c;,twincitytimes.com;,122137681;,no,0,0,9
167460271,teat,good idea,1,1,1,,teat,,good,idea,,p8a;,mumsnet.com;,46156826;,no,0,1,8
413663968,average temperature,today the weather,1,1,1,average,temperature,,,today,the weather,p23a;,colinandrews.net;,53949575;,no,3,1,5
338199969,there,advantage for small business,1,1,1,,there,,,advantage,for small business,p8a;,foxsanantonio.com;,336736676;,no,3,1,5
396940537,thibet,tartar,1,1,1,,thibet,,,tartar,,p1;,archive.org;,306755469;,no,0,1,8
86528045,nap time,royalty free image,1,1,1,nap,time,,royalty free,image,,p5;,dreamstime.com;,134095068;,no,0,1,8
92693047,organic mysterioso hard time,cue building layer,1,1,1,organic mysterioso hard,time,,cue building,layer,,p28a;,buysoundtrax.com;,332476686;,no,0,0,9
202555971,tibet,be possible dalaus lama,1,1,1,,tibet,,be possible dalaus,lama,,p23b;,blogspot.com;,161511700;,no,0,2,7
491588299,use tidbit of food,training aide if necessary,1,1,1,use,tidbit,of food,training,aide,if necessary,p4;,poochproblems.com;,439187067;,no,2,2,5
516115229,time,underrated fc,4,1,1,,time,,underrated,fc,,p8a;,talkawhile.co.uk;,152447823;171133177;198023574;271777352;,no,0,1,8
233598138,top of the page,header colorful moments,1,1,1,,top,of the page,header colorful,moments,,p8a;,themeforest.net;,252967059;,no,1,0,8
310338554,tool,standardise write test format,1,1,1,,tool,,standardise write test,format,,p3a;,deakin.edu.au;,451132128;,no,2,1,6
365567923,topic by itself,start for set norm,1,1,1,,topic,by itself,,start,for set norm,p8a;,lessonplanet.com;,396671041;,no,1,0,8
493033152,toilet,little pink of pink,1,1,1,,toilet,,little,pink,of pink,p8a;,mumsnet.com;,409675037;,no,0,0,9
14431636,trouville,cotton candy pink shade,1,1,1,,trouville,,cotton,candy,pink shade,p43;,phyrra.net;,337093299;,no,1,2,6
149218895,first trimester,time of exhaustion,2,1,2,first,trimester,,,time,of exhaustion,p8a;,huffingtonpost.ca;huffingtonpost.com;,178213084;178260363;,yes,6,1,2
407964660,truthfulness,cost,1,1,1,,truthfulness,,,cost,,p3a;,cnn.com;,432867349;,no,1,3,5
495543992,detail kabucha toli tshirt,kabucha toli gifts calm,1,1,1,detail kabucha toli,tshirt,,kabucha toli gifts,calm,,p1;,meetees.com;,142918885;,no,0,1,8
491213103,tvokid,interactive spelling bee game,1,1,1,,tvokid,,interactive spelling bee,game,,p8a;,teacherswithapps.com;,126368514;,uncertain,1,5,3
311517848,s type of breast,breast cancer,1,1,1,s,type,of breast,breast,cancer,,p38;,nm.org;,120345168;,no,2,1,6
128743574,third-string unit,comfortable ill,1,1,1,third-string,unit,,comfortable,ill,,p23b;,cbssports.com;,346540644;,no,0,0,9
399852543,kyoto university,prestigious japanese university,1,1,1,kyoto,university,,prestigious japanese,university,,p5;,khu.ac.kr;,418393657;,yes,6,2,1
420639686,permanent unlock,great motivator,1,1,1,permanent,unlock,,great,motivator,,p8a;,activision.com;,218830877;,no,1,2,6
294129813,price value,feedback,1,1,1,price,value,,,feedback,,p43;,wordpress.com;,440246925;,uncertain,2,3,4
269667388,vehicle per year,tunnel in the world,1,1,1,,vehicle,per year,,tunnel,in the world,p20a;,nyhistory.org;,258328189;,no,0,0,9
117334162,innocent victim,islam,1,1,1,innocent,victim,,,islam,,p21b;,overland.org.au;,340883792;,no,0,1,8
295847184,video parody the venture,response,1,1,1,,video,parody the venture,,response,,p3a;,ubmfuturecities.com;,326790852;,no,0,1,8
291209514,effective voice on facebook,media platform on behalf,1,1,1,effective,voice,on facebook,media,platform,on behalf,p1;,dogknobit.com;,154847202;,no,2,1,6
241074225,way,online news organization,1,1,1,,way,,online news,organization,,p21b;,techdirt.com;,241751725;,no,0,2,7
248847116,useless war,form,1,1,1,useless,war,,,form,,p1;,boingboing.net;,95409584;,no,1,1,7
366200179,water,great pizza,2,1,2,,water,,great,pizza,,p3a;,blogspot.com;americanheritage.com;,431050104;431159478;,no,0,0,9
64892237,university website,institution more info,1,1,1,university,website,,,institution,more info,p1;,tripwiremagazine.com;,105936898;,no,1,0,8
419900409,refresh renewlong island weight,new fat melting technique,1,1,1,refresh renewlong island,weight,,new fat melting,technique,,p8a;,lipo6.co.uk;,362612202;,no,0,0,9
128968398,cable jack wich,fit,1,1,1,cable jack,wich,,,fit,,p25;,ultimate-guitar.com;,198176137;,no,0,0,9
92281721,martin work,stair,1,1,1,martin,work,,,stair,,p23d;,archinect.com;,435489768;,no,0,0,9
175474678,word,code for intellectual,1,1,1,,word,,,code,for intellectual,p8a;,metafilter.com;,453054660;,no,0,0,9
297032581,church worry,course politics,1,1,1,church,worry,,course,politics,,p23d;,wdtprs.com;,341665653;,no,0,0,9
167334820,frame city killer xbox,hint,1,1,1,frame city killer,xbox,,,hint,,p1;,cheathappens.com;,189017757;,no,1,0,8
176599667,given year,sort,1,1,1,given,year,,,sort,,p43;,economist.com;,423827687;,no,1,0,8
178754622,few year,deal of fear,1,1,1,few,year,,,deal,of fear,p8b;,verrinia.com;,110095452;,no,0,0,9
418781429,newton 4-h year,state competition,1,1,1,newton 4-h,year,,state,competition,,p4;,covnews.com;,378893775;,no,2,2,5
89573263,penny your,slutsister alena,1,1,1,penny,your,,slutsister,alena,,p8a;,lustfulclips.com;,267119303;,no,0,0,9
224542410,austrian yodel,recordist douglas shearer,1,1,1,austrian,yodel,,recordist douglas,shearer,,p3a;,wikipedia.org;,235912970;,no,1,0,8
178314218,end zone,year of healthy life,1,1,1,end,zone,,,year,of healthy life,p26;,bitchmagazine.org;,170930202;,no,0,0,9
